Year,Number_of_Reports,Average_of_Percentage_Increase
2018,3143204,0.008406667
2019,3468615,0.008759016
2020,5002239,0.008613821	

